ID,NAME,TTA,DDD,BBB
ID,NAME,TTA,DDD,BBB
ID,NAME,TTA,DDD,BBB
ID,NAME,TTA,DDD,BBB
ID,NAME,TTA,DDD,BBB
ID,NAME,TTA,DDD,BBB
ID,NAME,TTA,DDD,BBB
ID,NAME,TTA,DDD,BBB
ID,NAME,TTA,DDD,BBB
ID,NAME,TTA,DDD,BBB
ID,NAME,TTA,DDD,BBB
ID,NAME,TTA,DDD,BBB
ID,NAME,TTA,DDD,BBB
ID,NAME,TTA,DDD,BBB
ID,NAME,TTA,DDD,BBB
ID,NAME,TTA,DDD,BBB
ID,NAME,TTA,DDD,BBB
ID,NAME,TTA,DDD,BBB
ID,NAME,TTA,DDD,BBB
ID,NAME,TTA,DDD,BBB
ID,NAME,TTA,DDD,BBB
ID,NAME,TTA,DDD,BBB
ID,NAME,TTA,DDD,BBB
ID,NAME,TTA,DDD,BBB
ID,NAME,TTA,DDD,BBB
ID,NAME,TTA,DDD,BBB
ID,NAME,TTA,DDD,BBB
ID,NAME,TTA,DDD,BBB
ID,NAME,TTA,DDD,BBB
ID,NAME,TTA,DDD,BBB
ID,NAME,TTA,DDD,BBB
ID,NAME,TTA,DDD,BBB
ID,NAME,TTA,DDD,BBB
ID,NAME,TTA,DDD,BBB
ID,NAME,TTA,DDD,BBB
ID,NAME,TTA,DDD,BBB
ID,NAME,TTA,DDD,BBB
ID,NAME,TTA,DDD,BBB
ID,NAME,TTA,DDD,BBB
ID,NAME,TTA,DDD,BBB
ID,NAME,TTA,DDD,BBB
ID,NAME,TTA,DDD,BBB
ID,NAME,TTA,DDD,BBB
ID,NAME,TTA,DDD,BBB
ID,NAME,TTA,DDD,BBB
ID,NAME,TTA,DDD,BBB
ID,NAME,TTA,DDD,BBB
ID,NAME,TTA,DDD,BBB
ID,NAME,TTA,DDD,BBB
ID,NAME,TTA,DDD,BBB
ID,NAME,TTA,DDD,BBB
ID,NAME,TTA,DDD,BBB
